DateKey,Date,Day,DayOfWeek,DayName,WeekOfYear,Month,MonthName,YearMonth,YearMonthText,Quarter,QuarterName,Year,IsWeekend,IsHoliday
20250101,2025-01-01,1,3,Thứ 4,1,1,Tháng 1,202501,2025-01,1,Q1,2025,False,True
20250102,2025-01-02,2,4,Thứ 5,1,1,Tháng 1,202501,2025-01,1,Q1,2025,False,False
20250103,2025-01-03,3,5,Thứ 6,1,1,Tháng 1,202501,2025-01,1,Q1,2025,False,False
20250104,2025-01-04,4,6,Thứ 7,1,1,Tháng 1,202501,2025-01,1,Q1,2025,True,False
20250105,2025-01-05,5,7,Chủ nhật,1,1,Tháng 1,202501,2025-01,1,Q1,2025,True,False
20250106,2025-01-06,6,1,Thứ 2,2,1,Tháng 1,202501,2025-01,1,Q1,2025,False,False
20250107,2025-01-07,7,2,Thứ 3,2,1,Tháng 1,202501,2025-01,1,Q1,2025,False,False
20250108,2025-01-08,8,3,Thứ 4,2,1,Tháng 1,202501,2025-01,1,Q1,2025,False,False
20250109,2025-01-09,9,4,Thứ 5,2,1,Tháng 1,202501,2025-01,1,Q1,2025,False,False
20250110,2025-01-10,10,5,Thứ 6,2,1,Tháng 1,202501,2025-01,1,Q1,2025,False,False
20250111,2025-01-11,11,6,Thứ 7,2,1,Tháng 1,202501,2025-01,1,Q1,2025,True,False
20250112,2025-01-12,12,7,Chủ nhật,2,1,Tháng 1,202501,2025-01,1,Q1,2025,True,False
20250113,2025-01-13,13,1,Thứ 2,3,1,Tháng 1,202501,2025-01,1,Q1,2025,False,False
20250114,2025-01-14,14,2,Thứ 3,3,1,Tháng 1,202501,2025-01,1,Q1,2025,False,False
20250115,2025-01-15,15,3,Thứ 4,3,1,Tháng 1,202501,2025-01,1,Q1,2025,False,False
20250116,2025-01-16,16,4,Thứ 5,3,1,Tháng 1,202501,2025-01,1,Q1,2025,False,False
20250117,2025-01-17,17,5,Thứ 6,3,1,Tháng 1,202501,2025-01,1,Q1,2025,False,False
20250118,2025-01-18,18,6,Thứ 7,3,1,Tháng 1,202501,2025-01,1,Q1,2025,True,False
20250119,2025-01-19,19,7,Chủ nhật,3,1,Tháng 1,202501,2025-01,1,Q1,2025,True,False
20250120,2025-01-20,20,1,Thứ 2,4,1,Tháng 1,202501,2025-01,1,Q1,2025,False,False
20250121,2025-01-21,21,2,Thứ 3,4,1,Tháng 1,202501,2025-01,1,Q1,2025,False,False
20250122,2025-01-22,22,3,Thứ 4,4,1,Tháng 1,202501,2025-01,1,Q1,2025,False,False
20250123,2025-01-23,23,4,Thứ 5,4,1,Tháng 1,202501,2025-01,1,Q1,2025,False,False
20250124,2025-01-24,24,5,Thứ 6,4,1,Tháng 1,202501,2025-01,1,Q1,2025,False,False
20250125,2025-01-25,25,6,Thứ 7,4,1,Tháng 1,202501,2025-01,1,Q1,2025,True,False
20250126,2025-01-26,26,7,Chủ nhật,4,1,Tháng 1,202501,2025-01,1,Q1,2025,True,False
20250127,2025-01-27,27,1,Thứ 2,5,1,Tháng 1,202501,2025-01,1,Q1,2025,False,False
20250128,2025-01-28,28,2,Thứ 3,5,1,Tháng 1,202501,2025-01,1,Q1,2025,False,False
20250129,2025-01-29,29,3,Thứ 4,5,1,Tháng 1,202501,2025-01,1,Q1,2025,False,False
20250130,2025-01-30,30,4,Thứ 5,5,1,Tháng 1,202501,2025-01,1,Q1,2025,False,False
20250131,2025-01-31,31,5,Thứ 6,5,1,Tháng 1,202501,2025-01,1,Q1,2025,False,False
20250201,2025-02-01,1,6,Thứ 7,5,2,Tháng 2,202502,2025-02,1,Q1,2025,True,False
20250202,2025-02-02,2,7,Chủ nhật,5,2,Tháng 2,202502,2025-02,1,Q1,2025,True,False
20250203,2025-02-03,3,1,Thứ 2,6,2,Tháng 2,202502,2025-02,1,Q1,2025,False,False
20250204,2025-02-04,4,2,Thứ 3,6,2,Tháng 2,202502,2025-02,1,Q1,2025,False,False
20250205,2025-02-05,5,3,Thứ 4,6,2,Tháng 2,202502,2025-02,1,Q1,2025,False,False
20250206,2025-02-06,6,4,Thứ 5,6,2,Tháng 2,202502,2025-02,1,Q1,2025,False,False
20250207,2025-02-07,7,5,Thứ 6,6,2,Tháng 2,202502,2025-02,1,Q1,2025,False,False
20250208,2025-02-08,8,6,Thứ 7,6,2,Tháng 2,202502,2025-02,1,Q1,2025,True,False
20250209,2025-02-09,9,7,Chủ nhật,6,2,Tháng 2,202502,2025-02,1,Q1,2025,True,False
20250210,2025-02-10,10,1,Thứ 2,7,2,Tháng 2,202502,2025-02,1,Q1,2025,False,False
20250211,2025-02-11,11,2,Thứ 3,7,2,Tháng 2,202502,2025-02,1,Q1,2025,False,False
20250212,2025-02-12,12,3,Thứ 4,7,2,Tháng 2,202502,2025-02,1,Q1,2025,False,False
20250213,2025-02-13,13,4,Thứ 5,7,2,Tháng 2,202502,2025-02,1,Q1,2025,False,False
20250214,2025-02-14,14,5,Thứ 6,7,2,Tháng 2,202502,2025-02,1,Q1,2025,False,False
20250215,2025-02-15,15,6,Thứ 7,7,2,Tháng 2,202502,2025-02,1,Q1,2025,True,False
20250216,2025-02-16,16,7,Chủ nhật,7,2,Tháng 2,202502,2025-02,1,Q1,2025,True,False
20250217,2025-02-17,17,1,Thứ 2,8,2,Tháng 2,202502,2025-02,1,Q1,2025,False,False
20250218,2025-02-18,18,2,Thứ 3,8,2,Tháng 2,202502,2025-02,1,Q1,2025,False,False
20250219,2025-02-19,19,3,Thứ 4,8,2,Tháng 2,202502,2025-02,1,Q1,2025,False,False
20250220,2025-02-20,20,4,Thứ 5,8,2,Tháng 2,202502,2025-02,1,Q1,2025,False,False
20250221,2025-02-21,21,5,Thứ 6,8,2,Tháng 2,202502,2025-02,1,Q1,2025,False,False
20250222,2025-02-22,22,6,Thứ 7,8,2,Tháng 2,202502,2025-02,1,Q1,2025,True,False
20250223,2025-02-23,23,7,Chủ nhật,8,2,Tháng 2,202502,2025-02,1,Q1,2025,True,False
20250224,2025-02-24,24,1,Thứ 2,9,2,Tháng 2,202502,2025-02,1,Q1,2025,False,False
20250225,2025-02-25,25,2,Thứ 3,9,2,Tháng 2,202502,2025-02,1,Q1,2025,False,False
20250226,2025-02-26,26,3,Thứ 4,9,2,Tháng 2,202502,2025-02,1,Q1,2025,False,False
20250227,2025-02-27,27,4,Thứ 5,9,2,Tháng 2,202502,2025-02,1,Q1,2025,False,False
20250228,2025-02-28,28,5,Thứ 6,9,2,Tháng 2,202502,2025-02,1,Q1,2025,False,False
20250301,2025-03-01,1,6,Thứ 7,9,3,Tháng 3,202503,2025-03,1,Q1,2025,True,False
20250302,2025-03-02,2,7,Chủ nhật,9,3,Tháng 3,202503,2025-03,1,Q1,2025,True,False
20250303,2025-03-03,3,1,Thứ 2,10,3,Tháng 3,202503,2025-03,1,Q1,2025,False,False
20250304,2025-03-04,4,2,Thứ 3,10,3,Tháng 3,202503,2025-03,1,Q1,2025,False,False
20250305,2025-03-05,5,3,Thứ 4,10,3,Tháng 3,202503,2025-03,1,Q1,2025,False,False
20250306,2025-03-06,6,4,Thứ 5,10,3,Tháng 3,202503,2025-03,1,Q1,2025,False,False
20250307,2025-03-07,7,5,Thứ 6,10,3,Tháng 3,202503,2025-03,1,Q1,2025,False,False
20250308,2025-03-08,8,6,Thứ 7,10,3,Tháng 3,202503,2025-03,1,Q1,2025,True,False
20250309,2025-03-09,9,7,Chủ nhật,10,3,Tháng 3,202503,2025-03,1,Q1,2025,True,False
20250310,2025-03-10,10,1,Thứ 2,11,3,Tháng 3,202503,2025-03,1,Q1,2025,False,False
20250311,2025-03-11,11,2,Thứ 3,11,3,Tháng 3,202503,2025-03,1,Q1,2025,False,False
20250312,2025-03-12,12,3,Thứ 4,11,3,Tháng 3,202503,2025-03,1,Q1,2025,False,False
20250313,2025-03-13,13,4,Thứ 5,11,3,Tháng 3,202503,2025-03,1,Q1,2025,False,False
20250314,2025-03-14,14,5,Thứ 6,11,3,Tháng 3,202503,2025-03,1,Q1,2025,False,False
20250315,2025-03-15,15,6,Thứ 7,11,3,Tháng 3,202503,2025-03,1,Q1,2025,True,False
20250316,2025-03-16,16,7,Chủ nhật,11,3,Tháng 3,202503,2025-03,1,Q1,2025,True,False
20250317,2025-03-17,17,1,Thứ 2,12,3,Tháng 3,202503,2025-03,1,Q1,2025,False,False
20250318,2025-03-18,18,2,Thứ 3,12,3,Tháng 3,202503,2025-03,1,Q1,2025,False,False
20250319,2025-03-19,19,3,Thứ 4,12,3,Tháng 3,202503,2025-03,1,Q1,2025,False,False
20250320,2025-03-20,20,4,Thứ 5,12,3,Tháng 3,202503,2025-03,1,Q1,2025,False,False
20250321,2025-03-21,21,5,Thứ 6,12,3,Tháng 3,202503,2025-03,1,Q1,2025,False,False
20250322,2025-03-22,22,6,Thứ 7,12,3,Tháng 3,202503,2025-03,1,Q1,2025,True,False
20250323,2025-03-23,23,7,Chủ nhật,12,3,Tháng 3,202503,2025-03,1,Q1,2025,True,False
20250324,2025-03-24,24,1,Thứ 2,13,3,Tháng 3,202503,2025-03,1,Q1,2025,False,False
20250325,2025-03-25,25,2,Thứ 3,13,3,Tháng 3,202503,2025-03,1,Q1,2025,False,False
20250326,2025-03-26,26,3,Thứ 4,13,3,Tháng 3,202503,2025-03,1,Q1,2025,False,False
20250327,2025-03-27,27,4,Thứ 5,13,3,Tháng 3,202503,2025-03,1,Q1,2025,False,False
20250328,2025-03-28,28,5,Thứ 6,13,3,Tháng 3,202503,2025-03,1,Q1,2025,False,False
20250329,2025-03-29,29,6,Thứ 7,13,3,Tháng 3,202503,2025-03,1,Q1,2025,True,False
20250330,2025-03-30,30,7,Chủ nhật,13,3,Tháng 3,202503,2025-03,1,Q1,2025,True,False
20250331,2025-03-31,31,1,Thứ 2,14,3,Tháng 3,202503,2025-03,1,Q1,2025,False,False
20250401,2025-04-01,1,2,Thứ 3,14,4,Tháng 4,202504,2025-04,2,Q2,2025,False,False
20250402,2025-04-02,2,3,Thứ 4,14,4,Tháng 4,202504,2025-04,2,Q2,2025,False,False
20250403,2025-04-03,3,4,Thứ 5,14,4,Tháng 4,202504,2025-04,2,Q2,2025,False,False
20250404,2025-04-04,4,5,Thứ 6,14,4,Tháng 4,202504,2025-04,2,Q2,2025,False,False
20250405,2025-04-05,5,6,Thứ 7,14,4,Tháng 4,202504,2025-04,2,Q2,2025,True,False
20250406,2025-04-06,6,7,Chủ nhật,14,4,Tháng 4,202504,2025-04,2,Q2,2025,True,False
20250407,2025-04-07,7,1,Thứ 2,15,4,Tháng 4,202504,2025-04,2,Q2,2025,False,False
20250408,2025-04-08,8,2,Thứ 3,15,4,Tháng 4,202504,2025-04,2,Q2,2025,False,False
20250409,2025-04-09,9,3,Thứ 4,15,4,Tháng 4,202504,2025-04,2,Q2,2025,False,False
20250410,2025-04-10,10,4,Thứ 5,15,4,Tháng 4,202504,2025-04,2,Q2,2025,False,False
20250411,2025-04-11,11,5,Thứ 6,15,4,Tháng 4,202504,2025-04,2,Q2,2025,False,False
20250412,2025-04-12,12,6,Thứ 7,15,4,Tháng 4,202504,2025-04,2,Q2,2025,True,False
20250413,2025-04-13,13,7,Chủ nhật,15,4,Tháng 4,202504,2025-04,2,Q2,2025,True,False
20250414,2025-04-14,14,1,Thứ 2,16,4,Tháng 4,202504,2025-04,2,Q2,2025,False,False
20250415,2025-04-15,15,2,Thứ 3,16,4,Tháng 4,202504,2025-04,2,Q2,2025,False,False
20250416,2025-04-16,16,3,Thứ 4,16,4,Tháng 4,202504,2025-04,2,Q2,2025,False,False
20250417,2025-04-17,17,4,Thứ 5,16,4,Tháng 4,202504,2025-04,2,Q2,2025,False,False
20250418,2025-04-18,18,5,Thứ 6,16,4,Tháng 4,202504,2025-04,2,Q2,2025,False,False
20250419,2025-04-19,19,6,Thứ 7,16,4,Tháng 4,202504,2025-04,2,Q2,2025,True,False
20250420,2025-04-20,20,7,Chủ nhật,16,4,Tháng 4,202504,2025-04,2,Q2,2025,True,False
20250421,2025-04-21,21,1,Thứ 2,17,4,Tháng 4,202504,2025-04,2,Q2,2025,False,False
20250422,2025-04-22,22,2,Thứ 3,17,4,Tháng 4,202504,2025-04,2,Q2,2025,False,False
20250423,2025-04-23,23,3,Thứ 4,17,4,Tháng 4,202504,2025-04,2,Q2,2025,False,False
20250424,2025-04-24,24,4,Thứ 5,17,4,Tháng 4,202504,2025-04,2,Q2,2025,False,False
20250425,2025-04-25,25,5,Thứ 6,17,4,Tháng 4,202504,2025-04,2,Q2,2025,False,False
20250426,2025-04-26,26,6,Thứ 7,17,4,Tháng 4,202504,2025-04,2,Q2,2025,True,False
20250427,2025-04-27,27,7,Chủ nhật,17,4,Tháng 4,202504,2025-04,2,Q2,2025,True,False
20250428,2025-04-28,28,1,Thứ 2,18,4,Tháng 4,202504,2025-04,2,Q2,2025,False,False
20250429,2025-04-29,29,2,Thứ 3,18,4,Tháng 4,202504,2025-04,2,Q2,2025,False,False
20250430,2025-04-30,30,3,Thứ 4,18,4,Tháng 4,202504,2025-04,2,Q2,2025,False,True
20250501,2025-05-01,1,4,Thứ 5,18,5,Tháng 5,202505,2025-05,2,Q2,2025,False,True
20250502,2025-05-02,2,5,Thứ 6,18,5,Tháng 5,202505,2025-05,2,Q2,2025,False,False
20250503,2025-05-03,3,6,Thứ 7,18,5,Tháng 5,202505,2025-05,2,Q2,2025,True,False
20250504,2025-05-04,4,7,Chủ nhật,18,5,Tháng 5,202505,2025-05,2,Q2,2025,True,False
20250505,2025-05-05,5,1,Thứ 2,19,5,Tháng 5,202505,2025-05,2,Q2,2025,False,False
20250506,2025-05-06,6,2,Thứ 3,19,5,Tháng 5,202505,2025-05,2,Q2,2025,False,False
20250507,2025-05-07,7,3,Thứ 4,19,5,Tháng 5,202505,2025-05,2,Q2,2025,False,False
20250508,2025-05-08,8,4,Thứ 5,19,5,Tháng 5,202505,2025-05,2,Q2,2025,False,False
20250509,2025-05-09,9,5,Thứ 6,19,5,Tháng 5,202505,2025-05,2,Q2,2025,False,False
20250510,2025-05-10,10,6,Thứ 7,19,5,Tháng 5,202505,2025-05,2,Q2,2025,True,False
20250511,2025-05-11,11,7,Chủ nhật,19,5,Tháng 5,202505,2025-05,2,Q2,2025,True,False
20250512,2025-05-12,12,1,Thứ 2,20,5,Tháng 5,202505,2025-05,2,Q2,2025,False,False
20250513,2025-05-13,13,2,Thứ 3,20,5,Tháng 5,202505,2025-05,2,Q2,2025,False,False
20250514,2025-05-14,14,3,Thứ 4,20,5,Tháng 5,202505,2025-05,2,Q2,2025,False,False
20250515,2025-05-15,15,4,Thứ 5,20,5,Tháng 5,202505,2025-05,2,Q2,2025,False,False
20250516,2025-05-16,16,5,Thứ 6,20,5,Tháng 5,202505,2025-05,2,Q2,2025,False,False
20250517,2025-05-17,17,6,Thứ 7,20,5,Tháng 5,202505,2025-05,2,Q2,2025,True,False
20250518,2025-05-18,18,7,Chủ nhật,20,5,Tháng 5,202505,2025-05,2,Q2,2025,True,False
20250519,2025-05-19,19,1,Thứ 2,21,5,Tháng 5,202505,2025-05,2,Q2,2025,False,False
20250520,2025-05-20,20,2,Thứ 3,21,5,Tháng 5,202505,2025-05,2,Q2,2025,False,False
20250521,2025-05-21,21,3,Thứ 4,21,5,Tháng 5,202505,2025-05,2,Q2,2025,False,False
20250522,2025-05-22,22,4,Thứ 5,21,5,Tháng 5,202505,2025-05,2,Q2,2025,False,False
20250523,2025-05-23,23,5,Thứ 6,21,5,Tháng 5,202505,2025-05,2,Q2,2025,False,False
20250524,2025-05-24,24,6,Thứ 7,21,5,Tháng 5,202505,2025-05,2,Q2,2025,True,False
20250525,2025-05-25,25,7,Chủ nhật,21,5,Tháng 5,202505,2025-05,2,Q2,2025,True,False
20250526,2025-05-26,26,1,Thứ 2,22,5,Tháng 5,202505,2025-05,2,Q2,2025,False,False
20250527,2025-05-27,27,2,Thứ 3,22,5,Tháng 5,202505,2025-05,2,Q2,2025,False,False
20250528,2025-05-28,28,3,Thứ 4,22,5,Tháng 5,202505,2025-05,2,Q2,2025,False,False
20250529,2025-05-29,29,4,Thứ 5,22,5,Tháng 5,202505,2025-05,2,Q2,2025,False,False
20250530,2025-05-30,30,5,Thứ 6,22,5,Tháng 5,202505,2025-05,2,Q2,2025,False,False
20250531,2025-05-31,31,6,Thứ 7,22,5,Tháng 5,202505,2025-05,2,Q2,2025,True,False
20250601,2025-06-01,1,7,Chủ nhật,22,6,Tháng 6,202506,2025-06,2,Q2,2025,True,False
20250602,2025-06-02,2,1,Thứ 2,23,6,Tháng 6,202506,2025-06,2,Q2,2025,False,False
20250603,2025-06-03,3,2,Thứ 3,23,6,Tháng 6,202506,2025-06,2,Q2,2025,False,False
20250604,2025-06-04,4,3,Thứ 4,23,6,Tháng 6,202506,2025-06,2,Q2,2025,False,False
20250605,2025-06-05,5,4,Thứ 5,23,6,Tháng 6,202506,2025-06,2,Q2,2025,False,False
20250606,2025-06-06,6,5,Thứ 6,23,6,Tháng 6,202506,2025-06,2,Q2,2025,False,False
20250607,2025-06-07,7,6,Thứ 7,23,6,Tháng 6,202506,2025-06,2,Q2,2025,True,False
20250608,2025-06-08,8,7,Chủ nhật,23,6,Tháng 6,202506,2025-06,2,Q2,2025,True,False
20250609,2025-06-09,9,1,Thứ 2,24,6,Tháng 6,202506,2025-06,2,Q2,2025,False,False
20250610,2025-06-10,10,2,Thứ 3,24,6,Tháng 6,202506,2025-06,2,Q2,2025,False,False
20250611,2025-06-11,11,3,Thứ 4,24,6,Tháng 6,202506,2025-06,2,Q2,2025,False,False
20250612,2025-06-12,12,4,Thứ 5,24,6,Tháng 6,202506,2025-06,2,Q2,2025,False,False
20250613,2025-06-13,13,5,Thứ 6,24,6,Tháng 6,202506,2025-06,2,Q2,2025,False,False
20250614,2025-06-14,14,6,Thứ 7,24,6,Tháng 6,202506,2025-06,2,Q2,2025,True,False
20250615,2025-06-15,15,7,Chủ nhật,24,6,Tháng 6,202506,2025-06,2,Q2,2025,True,False
20250616,2025-06-16,16,1,Thứ 2,25,6,Tháng 6,202506,2025-06,2,Q2,2025,False,False
20250617,2025-06-17,17,2,Thứ 3,25,6,Tháng 6,202506,2025-06,2,Q2,2025,False,False
20250618,2025-06-18,18,3,Thứ 4,25,6,Tháng 6,202506,2025-06,2,Q2,2025,False,False
20250619,2025-06-19,19,4,Thứ 5,25,6,Tháng 6,202506,2025-06,2,Q2,2025,False,False
20250620,2025-06-20,20,5,Thứ 6,25,6,Tháng 6,202506,2025-06,2,Q2,2025,False,False
20250621,2025-06-21,21,6,Thứ 7,25,6,Tháng 6,202506,2025-06,2,Q2,2025,True,False
20250622,2025-06-22,22,7,Chủ nhật,25,6,Tháng 6,202506,2025-06,2,Q2,2025,True,False
20250623,2025-06-23,23,1,Thứ 2,26,6,Tháng 6,202506,2025-06,2,Q2,2025,False,False
20250624,2025-06-24,24,2,Thứ 3,26,6,Tháng 6,202506,2025-06,2,Q2,2025,False,False
20250625,2025-06-25,25,3,Thứ 4,26,6,Tháng 6,202506,2025-06,2,Q2,2025,False,False
20250626,2025-06-26,26,4,Thứ 5,26,6,Tháng 6,202506,2025-06,2,Q2,2025,False,False
20250627,2025-06-27,27,5,Thứ 6,26,6,Tháng 6,202506,2025-06,2,Q2,2025,False,False
20250628,2025-06-28,28,6,Thứ 7,26,6,Tháng 6,202506,2025-06,2,Q2,2025,True,False
20250629,2025-06-29,29,7,Chủ nhật,26,6,Tháng 6,202506,2025-06,2,Q2,2025,True,False
20250630,2025-06-30,30,1,Thứ 2,27,6,Tháng 6,202506,2025-06,2,Q2,2025,False,False
20250701,2025-07-01,1,2,Thứ 3,27,7,Tháng 7,202507,2025-07,3,Q3,2025,False,False
20250702,2025-07-02,2,3,Thứ 4,27,7,Tháng 7,202507,2025-07,3,Q3,2025,False,False
20250703,2025-07-03,3,4,Thứ 5,27,7,Tháng 7,202507,2025-07,3,Q3,2025,False,False
20250704,2025-07-04,4,5,Thứ 6,27,7,Tháng 7,202507,2025-07,3,Q3,2025,False,False
20250705,2025-07-05,5,6,Thứ 7,27,7,Tháng 7,202507,2025-07,3,Q3,2025,True,False
20250706,2025-07-06,6,7,Chủ nhật,27,7,Tháng 7,202507,2025-07,3,Q3,2025,True,False
20250707,2025-07-07,7,1,Thứ 2,28,7,Tháng 7,202507,2025-07,3,Q3,2025,False,False
20250708,2025-07-08,8,2,Thứ 3,28,7,Tháng 7,202507,2025-07,3,Q3,2025,False,False
20250709,2025-07-09,9,3,Thứ 4,28,7,Tháng 7,202507,2025-07,3,Q3,2025,False,False
20250710,2025-07-10,10,4,Thứ 5,28,7,Tháng 7,202507,2025-07,3,Q3,2025,False,False
20250711,2025-07-11,11,5,Thứ 6,28,7,Tháng 7,202507,2025-07,3,Q3,2025,False,False
20250712,2025-07-12,12,6,Thứ 7,28,7,Tháng 7,202507,2025-07,3,Q3,2025,True,False
20250713,2025-07-13,13,7,Chủ nhật,28,7,Tháng 7,202507,2025-07,3,Q3,2025,True,False
20250714,2025-07-14,14,1,Thứ 2,29,7,Tháng 7,202507,2025-07,3,Q3,2025,False,False
20250715,2025-07-15,15,2,Thứ 3,29,7,Tháng 7,202507,2025-07,3,Q3,2025,False,False
20250716,2025-07-16,16,3,Thứ 4,29,7,Tháng 7,202507,2025-07,3,Q3,2025,False,False
20250717,2025-07-17,17,4,Thứ 5,29,7,Tháng 7,202507,2025-07,3,Q3,2025,False,False
20250718,2025-07-18,18,5,Thứ 6,29,7,Tháng 7,202507,2025-07,3,Q3,2025,False,False
20250719,2025-07-19,19,6,Thứ 7,29,7,Tháng 7,202507,2025-07,3,Q3,2025,True,False
20250720,2025-07-20,20,7,Chủ nhật,29,7,Tháng 7,202507,2025-07,3,Q3,2025,True,False
20250721,2025-07-21,21,1,Thứ 2,30,7,Tháng 7,202507,2025-07,3,Q3,2025,False,False
20250722,2025-07-22,22,2,Thứ 3,30,7,Tháng 7,202507,2025-07,3,Q3,2025,False,False
20250723,2025-07-23,23,3,Thứ 4,30,7,Tháng 7,202507,2025-07,3,Q3,2025,False,False
20250724,2025-07-24,24,4,Thứ 5,30,7,Tháng 7,202507,2025-07,3,Q3,2025,False,False
20250725,2025-07-25,25,5,Thứ 6,30,7,Tháng 7,202507,2025-07,3,Q3,2025,False,False
20250726,2025-07-26,26,6,Thứ 7,30,7,Tháng 7,202507,2025-07,3,Q3,2025,True,False
20250727,2025-07-27,27,7,Chủ nhật,30,7,Tháng 7,202507,2025-07,3,Q3,2025,True,False
20250728,2025-07-28,28,1,Thứ 2,31,7,Tháng 7,202507,2025-07,3,Q3,2025,False,False
20250729,2025-07-29,29,2,Thứ 3,31,7,Tháng 7,202507,2025-07,3,Q3,2025,False,False
20250730,2025-07-30,30,3,Thứ 4,31,7,Tháng 7,202507,2025-07,3,Q3,2025,False,False
20250731,2025-07-31,31,4,Thứ 5,31,7,Tháng 7,202507,2025-07,3,Q3,2025,False,False
20250801,2025-08-01,1,5,Thứ 6,31,8,Tháng 8,202508,2025-08,3,Q3,2025,False,False
20250802,2025-08-02,2,6,Thứ 7,31,8,Tháng 8,202508,2025-08,3,Q3,2025,True,False
20250803,2025-08-03,3,7,Chủ nhật,31,8,Tháng 8,202508,2025-08,3,Q3,2025,True,False
20250804,2025-08-04,4,1,Thứ 2,32,8,Tháng 8,202508,2025-08,3,Q3,2025,False,False
20250805,2025-08-05,5,2,Thứ 3,32,8,Tháng 8,202508,2025-08,3,Q3,2025,False,False
20250806,2025-08-06,6,3,Thứ 4,32,8,Tháng 8,202508,2025-08,3,Q3,2025,False,False
20250807,2025-08-07,7,4,Thứ 5,32,8,Tháng 8,202508,2025-08,3,Q3,2025,False,False
20250808,2025-08-08,8,5,Thứ 6,32,8,Tháng 8,202508,2025-08,3,Q3,2025,False,False
20250809,2025-08-09,9,6,Thứ 7,32,8,Tháng 8,202508,2025-08,3,Q3,2025,True,False
20250810,2025-08-10,10,7,Chủ nhật,32,8,Tháng 8,202508,2025-08,3,Q3,2025,True,False
20250811,2025-08-11,11,1,Thứ 2,33,8,Tháng 8,202508,2025-08,3,Q3,2025,False,False
20250812,2025-08-12,12,2,Thứ 3,33,8,Tháng 8,202508,2025-08,3,Q3,2025,False,False
20250813,2025-08-13,13,3,Thứ 4,33,8,Tháng 8,202508,2025-08,3,Q3,2025,False,False
20250814,2025-08-14,14,4,Thứ 5,33,8,Tháng 8,202508,2025-08,3,Q3,2025,False,False
20250815,2025-08-15,15,5,Thứ 6,33,8,Tháng 8,202508,2025-08,3,Q3,2025,False,False
20250816,2025-08-16,16,6,Thứ 7,33,8,Tháng 8,202508,2025-08,3,Q3,2025,True,False
20250817,2025-08-17,17,7,Chủ nhật,33,8,Tháng 8,202508,2025-08,3,Q3,2025,True,False
20250818,2025-08-18,18,1,Thứ 2,34,8,Tháng 8,202508,2025-08,3,Q3,2025,False,False
20250819,2025-08-19,19,2,Thứ 3,34,8,Tháng 8,202508,2025-08,3,Q3,2025,False,False
20250820,2025-08-20,20,3,Thứ 4,34,8,Tháng 8,202508,2025-08,3,Q3,2025,False,False
20250821,2025-08-21,21,4,Thứ 5,34,8,Tháng 8,202508,2025-08,3,Q3,2025,False,False
20250822,2025-08-22,22,5,Thứ 6,34,8,Tháng 8,202508,2025-08,3,Q3,2025,False,False
20250823,2025-08-23,23,6,Thứ 7,34,8,Tháng 8,202508,2025-08,3,Q3,2025,True,False
20250824,2025-08-24,24,7,Chủ nhật,34,8,Tháng 8,202508,2025-08,3,Q3,2025,True,False
20250825,2025-08-25,25,1,Thứ 2,35,8,Tháng 8,202508,2025-08,3,Q3,2025,False,False
20250826,2025-08-26,26,2,Thứ 3,35,8,Tháng 8,202508,2025-08,3,Q3,2025,False,False
20250827,2025-08-27,27,3,Thứ 4,35,8,Tháng 8,202508,2025-08,3,Q3,2025,False,False
20250828,2025-08-28,28,4,Thứ 5,35,8,Tháng 8,202508,2025-08,3,Q3,2025,False,False
20250829,2025-08-29,29,5,Thứ 6,35,8,Tháng 8,202508,2025-08,3,Q3,2025,False,False
20250830,2025-08-30,30,6,Thứ 7,35,8,Tháng 8,202508,2025-08,3,Q3,2025,True,False
20250831,2025-08-31,31,7,Chủ nhật,35,8,Tháng 8,202508,2025-08,3,Q3,2025,True,False
20250901,2025-09-01,1,1,Thứ 2,36,9,Tháng 9,202509,2025-09,3,Q3,2025,False,False
20250902,2025-09-02,2,2,Thứ 3,36,9,Tháng 9,202509,2025-09,3,Q3,2025,False,True
20250903,2025-09-03,3,3,Thứ 4,36,9,Tháng 9,202509,2025-09,3,Q3,2025,False,False
20250904,2025-09-04,4,4,Thứ 5,36,9,Tháng 9,202509,2025-09,3,Q3,2025,False,False
20250905,2025-09-05,5,5,Thứ 6,36,9,Tháng 9,202509,2025-09,3,Q3,2025,False,False
20250906,2025-09-06,6,6,Thứ 7,36,9,Tháng 9,202509,2025-09,3,Q3,2025,True,False
20250907,2025-09-07,7,7,Chủ nhật,36,9,Tháng 9,202509,2025-09,3,Q3,2025,True,False
20250908,2025-09-08,8,1,Thứ 2,37,9,Tháng 9,202509,2025-09,3,Q3,2025,False,False
20250909,2025-09-09,9,2,Thứ 3,37,9,Tháng 9,202509,2025-09,3,Q3,2025,False,False
20250910,2025-09-10,10,3,Thứ 4,37,9,Tháng 9,202509,2025-09,3,Q3,2025,False,False
20250911,2025-09-11,11,4,Thứ 5,37,9,Tháng 9,202509,2025-09,3,Q3,2025,False,False
20250912,2025-09-12,12,5,Thứ 6,37,9,Tháng 9,202509,2025-09,3,Q3,2025,False,False
20250913,2025-09-13,13,6,Thứ 7,37,9,Tháng 9,202509,2025-09,3,Q3,2025,True,False
20250914,2025-09-14,14,7,Chủ nhật,37,9,Tháng 9,202509,2025-09,3,Q3,2025,True,False
20250915,2025-09-15,15,1,Thứ 2,38,9,Tháng 9,202509,2025-09,3,Q3,2025,False,False
20250916,2025-09-16,16,2,Thứ 3,38,9,Tháng 9,202509,2025-09,3,Q3,2025,False,False
20250917,2025-09-17,17,3,Thứ 4,38,9,Tháng 9,202509,2025-09,3,Q3,2025,False,False
20250918,2025-09-18,18,4,Thứ 5,38,9,Tháng 9,202509,2025-09,3,Q3,2025,False,False
20250919,2025-09-19,19,5,Thứ 6,38,9,Tháng 9,202509,2025-09,3,Q3,2025,False,False
20250920,2025-09-20,20,6,Thứ 7,38,9,Tháng 9,202509,2025-09,3,Q3,2025,True,False
20250921,2025-09-21,21,7,Chủ nhật,38,9,Tháng 9,202509,2025-09,3,Q3,2025,True,False
20250922,2025-09-22,22,1,Thứ 2,39,9,Tháng 9,202509,2025-09,3,Q3,2025,False,False
20250923,2025-09-23,23,2,Thứ 3,39,9,Tháng 9,202509,2025-09,3,Q3,2025,False,False
20250924,2025-09-24,24,3,Thứ 4,39,9,Tháng 9,202509,2025-09,3,Q3,2025,False,False
20250925,2025-09-25,25,4,Thứ 5,39,9,Tháng 9,202509,2025-09,3,Q3,2025,False,False
20250926,2025-09-26,26,5,Thứ 6,39,9,Tháng 9,202509,2025-09,3,Q3,2025,False,False
20250927,2025-09-27,27,6,Thứ 7,39,9,Tháng 9,202509,2025-09,3,Q3,2025,True,False
20250928,2025-09-28,28,7,Chủ nhật,39,9,Tháng 9,202509,2025-09,3,Q3,2025,True,False
20250929,2025-09-29,29,1,Thứ 2,40,9,Tháng 9,202509,2025-09,3,Q3,2025,False,False
20250930,2025-09-30,30,2,Thứ 3,40,9,Tháng 9,202509,2025-09,3,Q3,2025,False,False
20251001,2025-10-01,1,3,Thứ 4,40,10,Tháng 10,202510,2025-10,4,Q4,2025,False,False
20251002,2025-10-02,2,4,Thứ 5,40,10,Tháng 10,202510,2025-10,4,Q4,2025,False,False
20251003,2025-10-03,3,5,Thứ 6,40,10,Tháng 10,202510,2025-10,4,Q4,2025,False,False
20251004,2025-10-04,4,6,Thứ 7,40,10,Tháng 10,202510,2025-10,4,Q4,2025,True,False
20251005,2025-10-05,5,7,Chủ nhật,40,10,Tháng 10,202510,2025-10,4,Q4,2025,True,False
20251006,2025-10-06,6,1,Thứ 2,41,10,Tháng 10,202510,2025-10,4,Q4,2025,False,False
20251007,2025-10-07,7,2,Thứ 3,41,10,Tháng 10,202510,2025-10,4,Q4,2025,False,False
20251008,2025-10-08,8,3,Thứ 4,41,10,Tháng 10,202510,2025-10,4,Q4,2025,False,False
20251009,2025-10-09,9,4,Thứ 5,41,10,Tháng 10,202510,2025-10,4,Q4,2025,False,False
20251010,2025-10-10,10,5,Thứ 6,41,10,Tháng 10,202510,2025-10,4,Q4,2025,False,False
20251011,2025-10-11,11,6,Thứ 7,41,10,Tháng 10,202510,2025-10,4,Q4,2025,True,False
20251012,2025-10-12,12,7,Chủ nhật,41,10,Tháng 10,202510,2025-10,4,Q4,2025,True,False
20251013,2025-10-13,13,1,Thứ 2,42,10,Tháng 10,202510,2025-10,4,Q4,2025,False,False
20251014,2025-10-14,14,2,Thứ 3,42,10,Tháng 10,202510,2025-10,4,Q4,2025,False,False
20251015,2025-10-15,15,3,Thứ 4,42,10,Tháng 10,202510,2025-10,4,Q4,2025,False,False
20251016,2025-10-16,16,4,Thứ 5,42,10,Tháng 10,202510,2025-10,4,Q4,2025,False,False
20251017,2025-10-17,17,5,Thứ 6,42,10,Tháng 10,202510,2025-10,4,Q4,2025,False,False
20251018,2025-10-18,18,6,Thứ 7,42,10,Tháng 10,202510,2025-10,4,Q4,2025,True,False
20251019,2025-10-19,19,7,Chủ nhật,42,10,Tháng 10,202510,2025-10,4,Q4,2025,True,False
20251020,2025-10-20,20,1,Thứ 2,43,10,Tháng 10,202510,2025-10,4,Q4,2025,False,False
20251021,2025-10-21,21,2,Thứ 3,43,10,Tháng 10,202510,2025-10,4,Q4,2025,False,False
20251022,2025-10-22,22,3,Thứ 4,43,10,Tháng 10,202510,2025-10,4,Q4,2025,False,False
20251023,2025-10-23,23,4,Thứ 5,43,10,Tháng 10,202510,2025-10,4,Q4,2025,False,False
20251024,2025-10-24,24,5,Thứ 6,43,10,Tháng 10,202510,2025-10,4,Q4,2025,False,False
20251025,2025-10-25,25,6,Thứ 7,43,10,Tháng 10,202510,2025-10,4,Q4,2025,True,False
20251026,2025-10-26,26,7,Chủ nhật,43,10,Tháng 10,202510,2025-10,4,Q4,2025,True,False
20251027,2025-10-27,27,1,Thứ 2,44,10,Tháng 10,202510,2025-10,4,Q4,2025,False,False
20251028,2025-10-28,28,2,Thứ 3,44,10,Tháng 10,202510,2025-10,4,Q4,2025,False,False
20251029,2025-10-29,29,3,Thứ 4,44,10,Tháng 10,202510,2025-10,4,Q4,2025,False,False
20251030,2025-10-30,30,4,Thứ 5,44,10,Tháng 10,202510,2025-10,4,Q4,2025,False,False
20251031,2025-10-31,31,5,Thứ 6,44,10,Tháng 10,202510,2025-10,4,Q4,2025,False,False
20251101,2025-11-01,1,6,Thứ 7,44,11,Tháng 11,202511,2025-11,4,Q4,2025,True,False
20251102,2025-11-02,2,7,Chủ nhật,44,11,Tháng 11,202511,2025-11,4,Q4,2025,True,False
20251103,2025-11-03,3,1,Thứ 2,45,11,Tháng 11,202511,2025-11,4,Q4,2025,False,False
20251104,2025-11-04,4,2,Thứ 3,45,11,Tháng 11,202511,2025-11,4,Q4,2025,False,False
20251105,2025-11-05,5,3,Thứ 4,45,11,Tháng 11,202511,2025-11,4,Q4,2025,False,False
20251106,2025-11-06,6,4,Thứ 5,45,11,Tháng 11,202511,2025-11,4,Q4,2025,False,False
20251107,2025-11-07,7,5,Thứ 6,45,11,Tháng 11,202511,2025-11,4,Q4,2025,False,False
20251108,2025-11-08,8,6,Thứ 7,45,11,Tháng 11,202511,2025-11,4,Q4,2025,True,False
20251109,2025-11-09,9,7,Chủ nhật,45,11,Tháng 11,202511,2025-11,4,Q4,2025,True,False
20251110,2025-11-10,10,1,Thứ 2,46,11,Tháng 11,202511,2025-11,4,Q4,2025,False,False
20251111,2025-11-11,11,2,Thứ 3,46,11,Tháng 11,202511,2025-11,4,Q4,2025,False,False
20251112,2025-11-12,12,3,Thứ 4,46,11,Tháng 11,202511,2025-11,4,Q4,2025,False,False
20251113,2025-11-13,13,4,Thứ 5,46,11,Tháng 11,202511,2025-11,4,Q4,2025,False,False
20251114,2025-11-14,14,5,Thứ 6,46,11,Tháng 11,202511,2025-11,4,Q4,2025,False,False
20251115,2025-11-15,15,6,Thứ 7,46,11,Tháng 11,202511,2025-11,4,Q4,2025,True,False
20251116,2025-11-16,16,7,Chủ nhật,46,11,Tháng 11,202511,2025-11,4,Q4,2025,True,False
20251117,2025-11-17,17,1,Thứ 2,47,11,Tháng 11,202511,2025-11,4,Q4,2025,False,False
20251118,2025-11-18,18,2,Thứ 3,47,11,Tháng 11,202511,2025-11,4,Q4,2025,False,False
20251119,2025-11-19,19,3,Thứ 4,47,11,Tháng 11,202511,2025-11,4,Q4,2025,False,False
20251120,2025-11-20,20,4,Thứ 5,47,11,Tháng 11,202511,2025-11,4,Q4,2025,False,False
20251121,2025-11-21,21,5,Thứ 6,47,11,Tháng 11,202511,2025-11,4,Q4,2025,False,False
20251122,2025-11-22,22,6,Thứ 7,47,11,Tháng 11,202511,2025-11,4,Q4,2025,True,False
20251123,2025-11-23,23,7,Chủ nhật,47,11,Tháng 11,202511,2025-11,4,Q4,2025,True,False
20251124,2025-11-24,24,1,Thứ 2,48,11,Tháng 11,202511,2025-11,4,Q4,2025,False,False
20251125,2025-11-25,25,2,Thứ 3,48,11,Tháng 11,202511,2025-11,4,Q4,2025,False,False
20251126,2025-11-26,26,3,Thứ 4,48,11,Tháng 11,202511,2025-11,4,Q4,2025,False,False
20251127,2025-11-27,27,4,Thứ 5,48,11,Tháng 11,202511,2025-11,4,Q4,2025,False,False
20251128,2025-11-28,28,5,Thứ 6,48,11,Tháng 11,202511,2025-11,4,Q4,2025,False,False
20251129,2025-11-29,29,6,Thứ 7,48,11,Tháng 11,202511,2025-11,4,Q4,2025,True,False
20251130,2025-11-30,30,7,Chủ nhật,48,11,Tháng 11,202511,2025-11,4,Q4,2025,True,False
20251201,2025-12-01,1,1,Thứ 2,49,12,Tháng 12,202512,2025-12,4,Q4,2025,False,False
20251202,2025-12-02,2,2,Thứ 3,49,12,Tháng 12,202512,2025-12,4,Q4,2025,False,False
20251203,2025-12-03,3,3,Thứ 4,49,12,Tháng 12,202512,2025-12,4,Q4,2025,False,False
20251204,2025-12-04,4,4,Thứ 5,49,12,Tháng 12,202512,2025-12,4,Q4,2025,False,False
20251205,2025-12-05,5,5,Thứ 6,49,12,Tháng 12,202512,2025-12,4,Q4,2025,False,False
20251206,2025-12-06,6,6,Thứ 7,49,12,Tháng 12,202512,2025-12,4,Q4,2025,True,False
20251207,2025-12-07,7,7,Chủ nhật,49,12,Tháng 12,202512,2025-12,4,Q4,2025,True,False
20251208,2025-12-08,8,1,Thứ 2,50,12,Tháng 12,202512,2025-12,4,Q4,2025,False,False
20251209,2025-12-09,9,2,Thứ 3,50,12,Tháng 12,202512,2025-12,4,Q4,2025,False,False
20251210,2025-12-10,10,3,Thứ 4,50,12,Tháng 12,202512,2025-12,4,Q4,2025,False,False
20251211,2025-12-11,11,4,Thứ 5,50,12,Tháng 12,202512,2025-12,4,Q4,2025,False,False
20251212,2025-12-12,12,5,Thứ 6,50,12,Tháng 12,202512,2025-12,4,Q4,2025,False,False
20251213,2025-12-13,13,6,Thứ 7,50,12,Tháng 12,202512,2025-12,4,Q4,2025,True,False
20251214,2025-12-14,14,7,Chủ nhật,50,12,Tháng 12,202512,2025-12,4,Q4,2025,True,False
20251215,2025-12-15,15,1,Thứ 2,51,12,Tháng 12,202512,2025-12,4,Q4,2025,False,False
20251216,2025-12-16,16,2,Thứ 3,51,12,Tháng 12,202512,2025-12,4,Q4,2025,False,False
20251217,2025-12-17,17,3,Thứ 4,51,12,Tháng 12,202512,2025-12,4,Q4,2025,False,False
20251218,2025-12-18,18,4,Thứ 5,51,12,Tháng 12,202512,2025-12,4,Q4,2025,False,False
20251219,2025-12-19,19,5,Thứ 6,51,12,Tháng 12,202512,2025-12,4,Q4,2025,False,False
20251220,2025-12-20,20,6,Thứ 7,51,12,Tháng 12,202512,2025-12,4,Q4,2025,True,False
20251221,2025-12-21,21,7,Chủ nhật,51,12,Tháng 12,202512,2025-12,4,Q4,2025,True,False
20251222,2025-12-22,22,1,Thứ 2,52,12,Tháng 12,202512,2025-12,4,Q4,2025,False,False
20251223,2025-12-23,23,2,Thứ 3,52,12,Tháng 12,202512,2025-12,4,Q4,2025,False,False
20251224,2025-12-24,24,3,Thứ 4,52,12,Tháng 12,202512,2025-12,4,Q4,2025,False,False
20251225,2025-12-25,25,4,Thứ 5,52,12,Tháng 12,202512,2025-12,4,Q4,2025,False,False
20251226,2025-12-26,26,5,Thứ 6,52,12,Tháng 12,202512,2025-12,4,Q4,2025,False,False
20251227,2025-12-27,27,6,Thứ 7,52,12,Tháng 12,202512,2025-12,4,Q4,2025,True,False
20251228,2025-12-28,28,7,Chủ nhật,52,12,Tháng 12,202512,2025-12,4,Q4,2025,True,False
20251229,2025-12-29,29,1,Thứ 2,1,12,Tháng 12,202512,2025-12,4,Q4,2025,False,False
20251230,2025-12-30,30,2,Thứ 3,1,12,Tháng 12,202512,2025-12,4,Q4,2025,False,False
20251231,2025-12-31,31,3,Thứ 4,1,12,Tháng 12,202512,2025-12,4,Q4,2025,False,False
20260101,2026-01-01,1,4,Thứ 5,1,1,Tháng 1,202601,2026-01,1,Q1,2026,False,True
20260102,2026-01-02,2,5,Thứ 6,1,1,Tháng 1,202601,2026-01,1,Q1,2026,False,False
20260103,2026-01-03,3,6,Thứ 7,1,1,Tháng 1,202601,2026-01,1,Q1,2026,True,False
20260104,2026-01-04,4,7,Chủ nhật,1,1,Tháng 1,202601,2026-01,1,Q1,2026,True,False
20260105,2026-01-05,5,1,Thứ 2,2,1,Tháng 1,202601,2026-01,1,Q1,2026,False,False
20260106,2026-01-06,6,2,Thứ 3,2,1,Tháng 1,202601,2026-01,1,Q1,2026,False,False
20260107,2026-01-07,7,3,Thứ 4,2,1,Tháng 1,202601,2026-01,1,Q1,2026,False,False
20260108,2026-01-08,8,4,Thứ 5,2,1,Tháng 1,202601,2026-01,1,Q1,2026,False,False
20260109,2026-01-09,9,5,Thứ 6,2,1,Tháng 1,202601,2026-01,1,Q1,2026,False,False
20260110,2026-01-10,10,6,Thứ 7,2,1,Tháng 1,202601,2026-01,1,Q1,2026,True,False
20260111,2026-01-11,11,7,Chủ nhật,2,1,Tháng 1,202601,2026-01,1,Q1,2026,True,False
20260112,2026-01-12,12,1,Thứ 2,3,1,Tháng 1,202601,2026-01,1,Q1,2026,False,False
20260113,2026-01-13,13,2,Thứ 3,3,1,Tháng 1,202601,2026-01,1,Q1,2026,False,False
20260114,2026-01-14,14,3,Thứ 4,3,1,Tháng 1,202601,2026-01,1,Q1,2026,False,False
20260115,2026-01-15,15,4,Thứ 5,3,1,Tháng 1,202601,2026-01,1,Q1,2026,False,False
20260116,2026-01-16,16,5,Thứ 6,3,1,Tháng 1,202601,2026-01,1,Q1,2026,False,False
20260117,2026-01-17,17,6,Thứ 7,3,1,Tháng 1,202601,2026-01,1,Q1,2026,True,False
20260118,2026-01-18,18,7,Chủ nhật,3,1,Tháng 1,202601,2026-01,1,Q1,2026,True,False
20260119,2026-01-19,19,1,Thứ 2,4,1,Tháng 1,202601,2026-01,1,Q1,2026,False,False
20260120,2026-01-20,20,2,Thứ 3,4,1,Tháng 1,202601,2026-01,1,Q1,2026,False,False
20260121,2026-01-21,21,3,Thứ 4,4,1,Tháng 1,202601,2026-01,1,Q1,2026,False,False
20260122,2026-01-22,22,4,Thứ 5,4,1,Tháng 1,202601,2026-01,1,Q1,2026,False,False
20260123,2026-01-23,23,5,Thứ 6,4,1,Tháng 1,202601,2026-01,1,Q1,2026,False,False
20260124,2026-01-24,24,6,Thứ 7,4,1,Tháng 1,202601,2026-01,1,Q1,2026,True,False
20260125,2026-01-25,25,7,Chủ nhật,4,1,Tháng 1,202601,2026-01,1,Q1,2026,True,False
20260126,2026-01-26,26,1,Thứ 2,5,1,Tháng 1,202601,2026-01,1,Q1,2026,False,False
20260127,2026-01-27,27,2,Thứ 3,5,1,Tháng 1,202601,2026-01,1,Q1,2026,False,False
20260128,2026-01-28,28,3,Thứ 4,5,1,Tháng 1,202601,2026-01,1,Q1,2026,False,False
20260129,2026-01-29,29,4,Thứ 5,5,1,Tháng 1,202601,2026-01,1,Q1,2026,False,False
20260130,2026-01-30,30,5,Thứ 6,5,1,Tháng 1,202601,2026-01,1,Q1,2026,False,False
20260131,2026-01-31,31,6,Thứ 7,5,1,Tháng 1,202601,2026-01,1,Q1,2026,True,False
20260201,2026-02-01,1,7,Chủ nhật,5,2,Tháng 2,202602,2026-02,1,Q1,2026,True,False
20260202,2026-02-02,2,1,Thứ 2,6,2,Tháng 2,202602,2026-02,1,Q1,2026,False,False
20260203,2026-02-03,3,2,Thứ 3,6,2,Tháng 2,202602,2026-02,1,Q1,2026,False,False
20260204,2026-02-04,4,3,Thứ 4,6,2,Tháng 2,202602,2026-02,1,Q1,2026,False,False
20260205,2026-02-05,5,4,Thứ 5,6,2,Tháng 2,202602,2026-02,1,Q1,2026,False,False
20260206,2026-02-06,6,5,Thứ 6,6,2,Tháng 2,202602,2026-02,1,Q1,2026,False,False
20260207,2026-02-07,7,6,Thứ 7,6,2,Tháng 2,202602,2026-02,1,Q1,2026,True,False
20260208,2026-02-08,8,7,Chủ nhật,6,2,Tháng 2,202602,2026-02,1,Q1,2026,True,False
20260209,2026-02-09,9,1,Thứ 2,7,2,Tháng 2,202602,2026-02,1,Q1,2026,False,False
20260210,2026-02-10,10,2,Thứ 3,7,2,Tháng 2,202602,2026-02,1,Q1,2026,False,False
20260211,2026-02-11,11,3,Thứ 4,7,2,Tháng 2,202602,2026-02,1,Q1,2026,False,False
20260212,2026-02-12,12,4,Thứ 5,7,2,Tháng 2,202602,2026-02,1,Q1,2026,False,False
20260213,2026-02-13,13,5,Thứ 6,7,2,Tháng 2,202602,2026-02,1,Q1,2026,False,False
20260214,2026-02-14,14,6,Thứ 7,7,2,Tháng 2,202602,2026-02,1,Q1,2026,True,False
20260215,2026-02-15,15,7,Chủ nhật,7,2,Tháng 2,202602,2026-02,1,Q1,2026,True,False
20260216,2026-02-16,16,1,Thứ 2,8,2,Tháng 2,202602,2026-02,1,Q1,2026,False,False
20260217,2026-02-17,17,2,Thứ 3,8,2,Tháng 2,202602,2026-02,1,Q1,2026,False,False
20260218,2026-02-18,18,3,Thứ 4,8,2,Tháng 2,202602,2026-02,1,Q1,2026,False,False
20260219,2026-02-19,19,4,Thứ 5,8,2,Tháng 2,202602,2026-02,1,Q1,2026,False,False
20260220,2026-02-20,20,5,Thứ 6,8,2,Tháng 2,202602,2026-02,1,Q1,2026,False,False
20260221,2026-02-21,21,6,Thứ 7,8,2,Tháng 2,202602,2026-02,1,Q1,2026,True,False
20260222,2026-02-22,22,7,Chủ nhật,8,2,Tháng 2,202602,2026-02,1,Q1,2026,True,False
20260223,2026-02-23,23,1,Thứ 2,9,2,Tháng 2,202602,2026-02,1,Q1,2026,False,False
20260224,2026-02-24,24,2,Thứ 3,9,2,Tháng 2,202602,2026-02,1,Q1,2026,False,False
20260225,2026-02-25,25,3,Thứ 4,9,2,Tháng 2,202602,2026-02,1,Q1,2026,False,False
20260226,2026-02-26,26,4,Thứ 5,9,2,Tháng 2,202602,2026-02,1,Q1,2026,False,False
20260227,2026-02-27,27,5,Thứ 6,9,2,Tháng 2,202602,2026-02,1,Q1,2026,False,False
20260228,2026-02-28,28,6,Thứ 7,9,2,Tháng 2,202602,2026-02,1,Q1,2026,True,False
20260301,2026-03-01,1,7,Chủ nhật,9,3,Tháng 3,202603,2026-03,1,Q1,2026,True,False
20260302,2026-03-02,2,1,Thứ 2,10,3,Tháng 3,202603,2026-03,1,Q1,2026,False,False
20260303,2026-03-03,3,2,Thứ 3,10,3,Tháng 3,202603,2026-03,1,Q1,2026,False,False
20260304,2026-03-04,4,3,Thứ 4,10,3,Tháng 3,202603,2026-03,1,Q1,2026,False,False
20260305,2026-03-05,5,4,Thứ 5,10,3,Tháng 3,202603,2026-03,1,Q1,2026,False,False
20260306,2026-03-06,6,5,Thứ 6,10,3,Tháng 3,202603,2026-03,1,Q1,2026,False,False
20260307,2026-03-07,7,6,Thứ 7,10,3,Tháng 3,202603,2026-03,1,Q1,2026,True,False
20260308,2026-03-08,8,7,Chủ nhật,10,3,Tháng 3,202603,2026-03,1,Q1,2026,True,False
20260309,2026-03-09,9,1,Thứ 2,11,3,Tháng 3,202603,2026-03,1,Q1,2026,False,False
20260310,2026-03-10,10,2,Thứ 3,11,3,Tháng 3,202603,2026-03,1,Q1,2026,False,False
20260311,2026-03-11,11,3,Thứ 4,11,3,Tháng 3,202603,2026-03,1,Q1,2026,False,False
20260312,2026-03-12,12,4,Thứ 5,11,3,Tháng 3,202603,2026-03,1,Q1,2026,False,False
20260313,2026-03-13,13,5,Thứ 6,11,3,Tháng 3,202603,2026-03,1,Q1,2026,False,False
20260314,2026-03-14,14,6,Thứ 7,11,3,Tháng 3,202603,2026-03,1,Q1,2026,True,False
20260315,2026-03-15,15,7,Chủ nhật,11,3,Tháng 3,202603,2026-03,1,Q1,2026,True,False
20260316,2026-03-16,16,1,Thứ 2,12,3,Tháng 3,202603,2026-03,1,Q1,2026,False,False
20260317,2026-03-17,17,2,Thứ 3,12,3,Tháng 3,202603,2026-03,1,Q1,2026,False,False
20260318,2026-03-18,18,3,Thứ 4,12,3,Tháng 3,202603,2026-03,1,Q1,2026,False,False
20260319,2026-03-19,19,4,Thứ 5,12,3,Tháng 3,202603,2026-03,1,Q1,2026,False,False
20260320,2026-03-20,20,5,Thứ 6,12,3,Tháng 3,202603,2026-03,1,Q1,2026,False,False
20260321,2026-03-21,21,6,Thứ 7,12,3,Tháng 3,202603,2026-03,1,Q1,2026,True,False
20260322,2026-03-22,22,7,Chủ nhật,12,3,Tháng 3,202603,2026-03,1,Q1,2026,True,False
20260323,2026-03-23,23,1,Thứ 2,13,3,Tháng 3,202603,2026-03,1,Q1,2026,False,False
20260324,2026-03-24,24,2,Thứ 3,13,3,Tháng 3,202603,2026-03,1,Q1,2026,False,False
20260325,2026-03-25,25,3,Thứ 4,13,3,Tháng 3,202603,2026-03,1,Q1,2026,False,False
20260326,2026-03-26,26,4,Thứ 5,13,3,Tháng 3,202603,2026-03,1,Q1,2026,False,False
20260327,2026-03-27,27,5,Thứ 6,13,3,Tháng 3,202603,2026-03,1,Q1,2026,False,False
20260328,2026-03-28,28,6,Thứ 7,13,3,Tháng 3,202603,2026-03,1,Q1,2026,True,False
20260329,2026-03-29,29,7,Chủ nhật,13,3,Tháng 3,202603,2026-03,1,Q1,2026,True,False
20260330,2026-03-30,30,1,Thứ 2,14,3,Tháng 3,202603,2026-03,1,Q1,2026,False,False
20260331,2026-03-31,31,2,Thứ 3,14,3,Tháng 3,202603,2026-03,1,Q1,2026,False,False
20260401,2026-04-01,1,3,Thứ 4,14,4,Tháng 4,202604,2026-04,2,Q2,2026,False,False
20260402,2026-04-02,2,4,Thứ 5,14,4,Tháng 4,202604,2026-04,2,Q2,2026,False,False
20260403,2026-04-03,3,5,Thứ 6,14,4,Tháng 4,202604,2026-04,2,Q2,2026,False,False
20260404,2026-04-04,4,6,Thứ 7,14,4,Tháng 4,202604,2026-04,2,Q2,2026,True,False
20260405,2026-04-05,5,7,Chủ nhật,14,4,Tháng 4,202604,2026-04,2,Q2,2026,True,False
20260406,2026-04-06,6,1,Thứ 2,15,4,Tháng 4,202604,2026-04,2,Q2,2026,False,False
20260407,2026-04-07,7,2,Thứ 3,15,4,Tháng 4,202604,2026-04,2,Q2,2026,False,False
20260408,2026-04-08,8,3,Thứ 4,15,4,Tháng 4,202604,2026-04,2,Q2,2026,False,False
20260409,2026-04-09,9,4,Thứ 5,15,4,Tháng 4,202604,2026-04,2,Q2,2026,False,False
20260410,2026-04-10,10,5,Thứ 6,15,4,Tháng 4,202604,2026-04,2,Q2,2026,False,False
20260411,2026-04-11,11,6,Thứ 7,15,4,Tháng 4,202604,2026-04,2,Q2,2026,True,False
20260412,2026-04-12,12,7,Chủ nhật,15,4,Tháng 4,202604,2026-04,2,Q2,2026,True,False
20260413,2026-04-13,13,1,Thứ 2,16,4,Tháng 4,202604,2026-04,2,Q2,2026,False,False
20260414,2026-04-14,14,2,Thứ 3,16,4,Tháng 4,202604,2026-04,2,Q2,2026,False,False
20260415,2026-04-15,15,3,Thứ 4,16,4,Tháng 4,202604,2026-04,2,Q2,2026,False,False
20260416,2026-04-16,16,4,Thứ 5,16,4,Tháng 4,202604,2026-04,2,Q2,2026,False,False
20260417,2026-04-17,17,5,Thứ 6,16,4,Tháng 4,202604,2026-04,2,Q2,2026,False,False
20260418,2026-04-18,18,6,Thứ 7,16,4,Tháng 4,202604,2026-04,2,Q2,2026,True,False
20260419,2026-04-19,19,7,Chủ nhật,16,4,Tháng 4,202604,2026-04,2,Q2,2026,True,False
20260420,2026-04-20,20,1,Thứ 2,17,4,Tháng 4,202604,2026-04,2,Q2,2026,False,False
20260421,2026-04-21,21,2,Thứ 3,17,4,Tháng 4,202604,2026-04,2,Q2,2026,False,False
20260422,2026-04-22,22,3,Thứ 4,17,4,Tháng 4,202604,2026-04,2,Q2,2026,False,False
20260423,2026-04-23,23,4,Thứ 5,17,4,Tháng 4,202604,2026-04,2,Q2,2026,False,False
20260424,2026-04-24,24,5,Thứ 6,17,4,Tháng 4,202604,2026-04,2,Q2,2026,False,False
20260425,2026-04-25,25,6,Thứ 7,17,4,Tháng 4,202604,2026-04,2,Q2,2026,True,False
20260426,2026-04-26,26,7,Chủ nhật,17,4,Tháng 4,202604,2026-04,2,Q2,2026,True,False
20260427,2026-04-27,27,1,Thứ 2,18,4,Tháng 4,202604,2026-04,2,Q2,2026,False,False
20260428,2026-04-28,28,2,Thứ 3,18,4,Tháng 4,202604,2026-04,2,Q2,2026,False,False
20260429,2026-04-29,29,3,Thứ 4,18,4,Tháng 4,202604,2026-04,2,Q2,2026,False,False
20260430,2026-04-30,30,4,Thứ 5,18,4,Tháng 4,202604,2026-04,2,Q2,2026,False,True
20260501,2026-05-01,1,5,Thứ 6,18,5,Tháng 5,202605,2026-05,2,Q2,2026,False,True
20260502,2026-05-02,2,6,Thứ 7,18,5,Tháng 5,202605,2026-05,2,Q2,2026,True,False
20260503,2026-05-03,3,7,Chủ nhật,18,5,Tháng 5,202605,2026-05,2,Q2,2026,True,False
20260504,2026-05-04,4,1,Thứ 2,19,5,Tháng 5,202605,2026-05,2,Q2,2026,False,False
20260505,2026-05-05,5,2,Thứ 3,19,5,Tháng 5,202605,2026-05,2,Q2,2026,False,False
20260506,2026-05-06,6,3,Thứ 4,19,5,Tháng 5,202605,2026-05,2,Q2,2026,False,False
20260507,2026-05-07,7,4,Thứ 5,19,5,Tháng 5,202605,2026-05,2,Q2,2026,False,False
20260508,2026-05-08,8,5,Thứ 6,19,5,Tháng 5,202605,2026-05,2,Q2,2026,False,False
20260509,2026-05-09,9,6,Thứ 7,19,5,Tháng 5,202605,2026-05,2,Q2,2026,True,False
20260510,2026-05-10,10,7,Chủ nhật,19,5,Tháng 5,202605,2026-05,2,Q2,2026,True,False
20260511,2026-05-11,11,1,Thứ 2,20,5,Tháng 5,202605,2026-05,2,Q2,2026,False,False
20260512,2026-05-12,12,2,Thứ 3,20,5,Tháng 5,202605,2026-05,2,Q2,2026,False,False
20260513,2026-05-13,13,3,Thứ 4,20,5,Tháng 5,202605,2026-05,2,Q2,2026,False,False
20260514,2026-05-14,14,4,Thứ 5,20,5,Tháng 5,202605,2026-05,2,Q2,2026,False,False
20260515,2026-05-15,15,5,Thứ 6,20,5,Tháng 5,202605,2026-05,2,Q2,2026,False,False
20260516,2026-05-16,16,6,Thứ 7,20,5,Tháng 5,202605,2026-05,2,Q2,2026,True,False
20260517,2026-05-17,17,7,Chủ nhật,20,5,Tháng 5,202605,2026-05,2,Q2,2026,True,False
20260518,2026-05-18,18,1,Thứ 2,21,5,Tháng 5,202605,2026-05,2,Q2,2026,False,False
20260519,2026-05-19,19,2,Thứ 3,21,5,Tháng 5,202605,2026-05,2,Q2,2026,False,False
20260520,2026-05-20,20,3,Thứ 4,21,5,Tháng 5,202605,2026-05,2,Q2,2026,False,False
20260521,2026-05-21,21,4,Thứ 5,21,5,Tháng 5,202605,2026-05,2,Q2,2026,False,False
20260522,2026-05-22,22,5,Thứ 6,21,5,Tháng 5,202605,2026-05,2,Q2,2026,False,False
20260523,2026-05-23,23,6,Thứ 7,21,5,Tháng 5,202605,2026-05,2,Q2,2026,True,False
20260524,2026-05-24,24,7,Chủ nhật,21,5,Tháng 5,202605,2026-05,2,Q2,2026,True,False
20260525,2026-05-25,25,1,Thứ 2,22,5,Tháng 5,202605,2026-05,2,Q2,2026,False,False
20260526,2026-05-26,26,2,Thứ 3,22,5,Tháng 5,202605,2026-05,2,Q2,2026,False,False
20260527,2026-05-27,27,3,Thứ 4,22,5,Tháng 5,202605,2026-05,2,Q2,2026,False,False
20260528,2026-05-28,28,4,Thứ 5,22,5,Tháng 5,202605,2026-05,2,Q2,2026,False,False
20260529,2026-05-29,29,5,Thứ 6,22,5,Tháng 5,202605,2026-05,2,Q2,2026,False,False
20260530,2026-05-30,30,6,Thứ 7,22,5,Tháng 5,202605,2026-05,2,Q2,2026,True,False
20260531,2026-05-31,31,7,Chủ nhật,22,5,Tháng 5,202605,2026-05,2,Q2,2026,True,False
20260601,2026-06-01,1,1,Thứ 2,23,6,Tháng 6,202606,2026-06,2,Q2,2026,False,False
20260602,2026-06-02,2,2,Thứ 3,23,6,Tháng 6,202606,2026-06,2,Q2,2026,False,False
20260603,2026-06-03,3,3,Thứ 4,23,6,Tháng 6,202606,2026-06,2,Q2,2026,False,False
20260604,2026-06-04,4,4,Thứ 5,23,6,Tháng 6,202606,2026-06,2,Q2,2026,False,False
20260605,2026-06-05,5,5,Thứ 6,23,6,Tháng 6,202606,2026-06,2,Q2,2026,False,False
20260606,2026-06-06,6,6,Thứ 7,23,6,Tháng 6,202606,2026-06,2,Q2,2026,True,False
20260607,2026-06-07,7,7,Chủ nhật,23,6,Tháng 6,202606,2026-06,2,Q2,2026,True,False
20260608,2026-06-08,8,1,Thứ 2,24,6,Tháng 6,202606,2026-06,2,Q2,2026,False,False
20260609,2026-06-09,9,2,Thứ 3,24,6,Tháng 6,202606,2026-06,2,Q2,2026,False,False
20260610,2026-06-10,10,3,Thứ 4,24,6,Tháng 6,202606,2026-06,2,Q2,2026,False,False
20260611,2026-06-11,11,4,Thứ 5,24,6,Tháng 6,202606,2026-06,2,Q2,2026,False,False
20260612,2026-06-12,12,5,Thứ 6,24,6,Tháng 6,202606,2026-06,2,Q2,2026,False,False
20260613,2026-06-13,13,6,Thứ 7,24,6,Tháng 6,202606,2026-06,2,Q2,2026,True,False
20260614,2026-06-14,14,7,Chủ nhật,24,6,Tháng 6,202606,2026-06,2,Q2,2026,True,False
20260615,2026-06-15,15,1,Thứ 2,25,6,Tháng 6,202606,2026-06,2,Q2,2026,False,False
20260616,2026-06-16,16,2,Thứ 3,25,6,Tháng 6,202606,2026-06,2,Q2,2026,False,False
20260617,2026-06-17,17,3,Thứ 4,25,6,Tháng 6,202606,2026-06,2,Q2,2026,False,False
20260618,2026-06-18,18,4,Thứ 5,25,6,Tháng 6,202606,2026-06,2,Q2,2026,False,False
20260619,2026-06-19,19,5,Thứ 6,25,6,Tháng 6,202606,2026-06,2,Q2,2026,False,False
20260620,2026-06-20,20,6,Thứ 7,25,6,Tháng 6,202606,2026-06,2,Q2,2026,True,False
20260621,2026-06-21,21,7,Chủ nhật,25,6,Tháng 6,202606,2026-06,2,Q2,2026,True,False
20260622,2026-06-22,22,1,Thứ 2,26,6,Tháng 6,202606,2026-06,2,Q2,2026,False,False
20260623,2026-06-23,23,2,Thứ 3,26,6,Tháng 6,202606,2026-06,2,Q2,2026,False,False
20260624,2026-06-24,24,3,Thứ 4,26,6,Tháng 6,202606,2026-06,2,Q2,2026,False,False
20260625,2026-06-25,25,4,Thứ 5,26,6,Tháng 6,202606,2026-06,2,Q2,2026,False,False
20260626,2026-06-26,26,5,Thứ 6,26,6,Tháng 6,202606,2026-06,2,Q2,2026,False,False
20260627,2026-06-27,27,6,Thứ 7,26,6,Tháng 6,202606,2026-06,2,Q2,2026,True,False
20260628,2026-06-28,28,7,Chủ nhật,26,6,Tháng 6,202606,2026-06,2,Q2,2026,True,False
20260629,2026-06-29,29,1,Thứ 2,27,6,Tháng 6,202606,2026-06,2,Q2,2026,False,False
20260630,2026-06-30,30,2,Thứ 3,27,6,Tháng 6,202606,2026-06,2,Q2,2026,False,False
20260701,2026-07-01,1,3,Thứ 4,27,7,Tháng 7,202607,2026-07,3,Q3,2026,False,False
20260702,2026-07-02,2,4,Thứ 5,27,7,Tháng 7,202607,2026-07,3,Q3,2026,False,False
20260703,2026-07-03,3,5,Thứ 6,27,7,Tháng 7,202607,2026-07,3,Q3,2026,False,False
20260704,2026-07-04,4,6,Thứ 7,27,7,Tháng 7,202607,2026-07,3,Q3,2026,True,False
20260705,2026-07-05,5,7,Chủ nhật,27,7,Tháng 7,202607,2026-07,3,Q3,2026,True,False
20260706,2026-07-06,6,1,Thứ 2,28,7,Tháng 7,202607,2026-07,3,Q3,2026,False,False
20260707,2026-07-07,7,2,Thứ 3,28,7,Tháng 7,202607,2026-07,3,Q3,2026,False,False
20260708,2026-07-08,8,3,Thứ 4,28,7,Tháng 7,202607,2026-07,3,Q3,2026,False,False
20260709,2026-07-09,9,4,Thứ 5,28,7,Tháng 7,202607,2026-07,3,Q3,2026,False,False
20260710,2026-07-10,10,5,Thứ 6,28,7,Tháng 7,202607,2026-07,3,Q3,2026,False,False
20260711,2026-07-11,11,6,Thứ 7,28,7,Tháng 7,202607,2026-07,3,Q3,2026,True,False
20260712,2026-07-12,12,7,Chủ nhật,28,7,Tháng 7,202607,2026-07,3,Q3,2026,True,False
20260713,2026-07-13,13,1,Thứ 2,29,7,Tháng 7,202607,2026-07,3,Q3,2026,False,False
20260714,2026-07-14,14,2,Thứ 3,29,7,Tháng 7,202607,2026-07,3,Q3,2026,False,False
20260715,2026-07-15,15,3,Thứ 4,29,7,Tháng 7,202607,2026-07,3,Q3,2026,False,False
20260716,2026-07-16,16,4,Thứ 5,29,7,Tháng 7,202607,2026-07,3,Q3,2026,False,False
20260717,2026-07-17,17,5,Thứ 6,29,7,Tháng 7,202607,2026-07,3,Q3,2026,False,False
20260718,2026-07-18,18,6,Thứ 7,29,7,Tháng 7,202607,2026-07,3,Q3,2026,True,False
20260719,2026-07-19,19,7,Chủ nhật,29,7,Tháng 7,202607,2026-07,3,Q3,2026,True,False
20260720,2026-07-20,20,1,Thứ 2,30,7,Tháng 7,202607,2026-07,3,Q3,2026,False,False
20260721,2026-07-21,21,2,Thứ 3,30,7,Tháng 7,202607,2026-07,3,Q3,2026,False,False
20260722,2026-07-22,22,3,Thứ 4,30,7,Tháng 7,202607,2026-07,3,Q3,2026,False,False
20260723,2026-07-23,23,4,Thứ 5,30,7,Tháng 7,202607,2026-07,3,Q3,2026,False,False
20260724,2026-07-24,24,5,Thứ 6,30,7,Tháng 7,202607,2026-07,3,Q3,2026,False,False
20260725,2026-07-25,25,6,Thứ 7,30,7,Tháng 7,202607,2026-07,3,Q3,2026,True,False
20260726,2026-07-26,26,7,Chủ nhật,30,7,Tháng 7,202607,2026-07,3,Q3,2026,True,False
20260727,2026-07-27,27,1,Thứ 2,31,7,Tháng 7,202607,2026-07,3,Q3,2026,False,False
20260728,2026-07-28,28,2,Thứ 3,31,7,Tháng 7,202607,2026-07,3,Q3,2026,False,False
20260729,2026-07-29,29,3,Thứ 4,31,7,Tháng 7,202607,2026-07,3,Q3,2026,False,False
20260730,2026-07-30,30,4,Thứ 5,31,7,Tháng 7,202607,2026-07,3,Q3,2026,False,False
20260731,2026-07-31,31,5,Thứ 6,31,7,Tháng 7,202607,2026-07,3,Q3,2026,False,False
20260801,2026-08-01,1,6,Thứ 7,31,8,Tháng 8,202608,2026-08,3,Q3,2026,True,False
20260802,2026-08-02,2,7,Chủ nhật,31,8,Tháng 8,202608,2026-08,3,Q3,2026,True,False
20260803,2026-08-03,3,1,Thứ 2,32,8,Tháng 8,202608,2026-08,3,Q3,2026,False,False
20260804,2026-08-04,4,2,Thứ 3,32,8,Tháng 8,202608,2026-08,3,Q3,2026,False,False
20260805,2026-08-05,5,3,Thứ 4,32,8,Tháng 8,202608,2026-08,3,Q3,2026,False,False
20260806,2026-08-06,6,4,Thứ 5,32,8,Tháng 8,202608,2026-08,3,Q3,2026,False,False
20260807,2026-08-07,7,5,Thứ 6,32,8,Tháng 8,202608,2026-08,3,Q3,2026,False,False
20260808,2026-08-08,8,6,Thứ 7,32,8,Tháng 8,202608,2026-08,3,Q3,2026,True,False
20260809,2026-08-09,9,7,Chủ nhật,32,8,Tháng 8,202608,2026-08,3,Q3,2026,True,False
20260810,2026-08-10,10,1,Thứ 2,33,8,Tháng 8,202608,2026-08,3,Q3,2026,False,False
20260811,2026-08-11,11,2,Thứ 3,33,8,Tháng 8,202608,2026-08,3,Q3,2026,False,False
20260812,2026-08-12,12,3,Thứ 4,33,8,Tháng 8,202608,2026-08,3,Q3,2026,False,False
20260813,2026-08-13,13,4,Thứ 5,33,8,Tháng 8,202608,2026-08,3,Q3,2026,False,False
20260814,2026-08-14,14,5,Thứ 6,33,8,Tháng 8,202608,2026-08,3,Q3,2026,False,False
20260815,2026-08-15,15,6,Thứ 7,33,8,Tháng 8,202608,2026-08,3,Q3,2026,True,False
20260816,2026-08-16,16,7,Chủ nhật,33,8,Tháng 8,202608,2026-08,3,Q3,2026,True,False
20260817,2026-08-17,17,1,Thứ 2,34,8,Tháng 8,202608,2026-08,3,Q3,2026,False,False
20260818,2026-08-18,18,2,Thứ 3,34,8,Tháng 8,202608,2026-08,3,Q3,2026,False,False
20260819,2026-08-19,19,3,Thứ 4,34,8,Tháng 8,202608,2026-08,3,Q3,2026,False,False
20260820,2026-08-20,20,4,Thứ 5,34,8,Tháng 8,202608,2026-08,3,Q3,2026,False,False
20260821,2026-08-21,21,5,Thứ 6,34,8,Tháng 8,202608,2026-08,3,Q3,2026,False,False
20260822,2026-08-22,22,6,Thứ 7,34,8,Tháng 8,202608,2026-08,3,Q3,2026,True,False
20260823,2026-08-23,23,7,Chủ nhật,34,8,Tháng 8,202608,2026-08,3,Q3,2026,True,False
20260824,2026-08-24,24,1,Thứ 2,35,8,Tháng 8,202608,2026-08,3,Q3,2026,False,False
20260825,2026-08-25,25,2,Thứ 3,35,8,Tháng 8,202608,2026-08,3,Q3,2026,False,False
20260826,2026-08-26,26,3,Thứ 4,35,8,Tháng 8,202608,2026-08,3,Q3,2026,False,False
20260827,2026-08-27,27,4,Thứ 5,35,8,Tháng 8,202608,2026-08,3,Q3,2026,False,False
20260828,2026-08-28,28,5,Thứ 6,35,8,Tháng 8,202608,2026-08,3,Q3,2026,False,False
20260829,2026-08-29,29,6,Thứ 7,35,8,Tháng 8,202608,2026-08,3,Q3,2026,True,False
20260830,2026-08-30,30,7,Chủ nhật,35,8,Tháng 8,202608,2026-08,3,Q3,2026,True,False
20260831,2026-08-31,31,1,Thứ 2,36,8,Tháng 8,202608,2026-08,3,Q3,2026,False,False
20260901,2026-09-01,1,2,Thứ 3,36,9,Tháng 9,202609,2026-09,3,Q3,2026,False,False
20260902,2026-09-02,2,3,Thứ 4,36,9,Tháng 9,202609,2026-09,3,Q3,2026,False,True
20260903,2026-09-03,3,4,Thứ 5,36,9,Tháng 9,202609,2026-09,3,Q3,2026,False,False
20260904,2026-09-04,4,5,Thứ 6,36,9,Tháng 9,202609,2026-09,3,Q3,2026,False,False
20260905,2026-09-05,5,6,Thứ 7,36,9,Tháng 9,202609,2026-09,3,Q3,2026,True,False
20260906,2026-09-06,6,7,Chủ nhật,36,9,Tháng 9,202609,2026-09,3,Q3,2026,True,False
20260907,2026-09-07,7,1,Thứ 2,37,9,Tháng 9,202609,2026-09,3,Q3,2026,False,False
20260908,2026-09-08,8,2,Thứ 3,37,9,Tháng 9,202609,2026-09,3,Q3,2026,False,False
20260909,2026-09-09,9,3,Thứ 4,37,9,Tháng 9,202609,2026-09,3,Q3,2026,False,False
20260910,2026-09-10,10,4,Thứ 5,37,9,Tháng 9,202609,2026-09,3,Q3,2026,False,False
20260911,2026-09-11,11,5,Thứ 6,37,9,Tháng 9,202609,2026-09,3,Q3,2026,False,False
20260912,2026-09-12,12,6,Thứ 7,37,9,Tháng 9,202609,2026-09,3,Q3,2026,True,False
20260913,2026-09-13,13,7,Chủ nhật,37,9,Tháng 9,202609,2026-09,3,Q3,2026,True,False
20260914,2026-09-14,14,1,Thứ 2,38,9,Tháng 9,202609,2026-09,3,Q3,2026,False,False
20260915,2026-09-15,15,2,Thứ 3,38,9,Tháng 9,202609,2026-09,3,Q3,2026,False,False
20260916,2026-09-16,16,3,Thứ 4,38,9,Tháng 9,202609,2026-09,3,Q3,2026,False,False
20260917,2026-09-17,17,4,Thứ 5,38,9,Tháng 9,202609,2026-09,3,Q3,2026,False,False
20260918,2026-09-18,18,5,Thứ 6,38,9,Tháng 9,202609,2026-09,3,Q3,2026,False,False
20260919,2026-09-19,19,6,Thứ 7,38,9,Tháng 9,202609,2026-09,3,Q3,2026,True,False
20260920,2026-09-20,20,7,Chủ nhật,38,9,Tháng 9,202609,2026-09,3,Q3,2026,True,False
20260921,2026-09-21,21,1,Thứ 2,39,9,Tháng 9,202609,2026-09,3,Q3,2026,False,False
20260922,2026-09-22,22,2,Thứ 3,39,9,Tháng 9,202609,2026-09,3,Q3,2026,False,False
20260923,2026-09-23,23,3,Thứ 4,39,9,Tháng 9,202609,2026-09,3,Q3,2026,False,False
20260924,2026-09-24,24,4,Thứ 5,39,9,Tháng 9,202609,2026-09,3,Q3,2026,False,False
20260925,2026-09-25,25,5,Thứ 6,39,9,Tháng 9,202609,2026-09,3,Q3,2026,False,False
20260926,2026-09-26,26,6,Thứ 7,39,9,Tháng 9,202609,2026-09,3,Q3,2026,True,False
20260927,2026-09-27,27,7,Chủ nhật,39,9,Tháng 9,202609,2026-09,3,Q3,2026,True,False
20260928,2026-09-28,28,1,Thứ 2,40,9,Tháng 9,202609,2026-09,3,Q3,2026,False,False
20260929,2026-09-29,29,2,Thứ 3,40,9,Tháng 9,202609,2026-09,3,Q3,2026,False,False
20260930,2026-09-30,30,3,Thứ 4,40,9,Tháng 9,202609,2026-09,3,Q3,2026,False,False
20261001,2026-10-01,1,4,Thứ 5,40,10,Tháng 10,202610,2026-10,4,Q4,2026,False,False
20261002,2026-10-02,2,5,Thứ 6,40,10,Tháng 10,202610,2026-10,4,Q4,2026,False,False
20261003,2026-10-03,3,6,Thứ 7,40,10,Tháng 10,202610,2026-10,4,Q4,2026,True,False
20261004,2026-10-04,4,7,Chủ nhật,40,10,Tháng 10,202610,2026-10,4,Q4,2026,True,False
20261005,2026-10-05,5,1,Thứ 2,41,10,Tháng 10,202610,2026-10,4,Q4,2026,False,False
20261006,2026-10-06,6,2,Thứ 3,41,10,Tháng 10,202610,2026-10,4,Q4,2026,False,False
20261007,2026-10-07,7,3,Thứ 4,41,10,Tháng 10,202610,2026-10,4,Q4,2026,False,False
20261008,2026-10-08,8,4,Thứ 5,41,10,Tháng 10,202610,2026-10,4,Q4,2026,False,False
20261009,2026-10-09,9,5,Thứ 6,41,10,Tháng 10,202610,2026-10,4,Q4,2026,False,False
20261010,2026-10-10,10,6,Thứ 7,41,10,Tháng 10,202610,2026-10,4,Q4,2026,True,False
20261011,2026-10-11,11,7,Chủ nhật,41,10,Tháng 10,202610,2026-10,4,Q4,2026,True,False
20261012,2026-10-12,12,1,Thứ 2,42,10,Tháng 10,202610,2026-10,4,Q4,2026,False,False
20261013,2026-10-13,13,2,Thứ 3,42,10,Tháng 10,202610,2026-10,4,Q4,2026,False,False
20261014,2026-10-14,14,3,Thứ 4,42,10,Tháng 10,202610,2026-10,4,Q4,2026,False,False
20261015,2026-10-15,15,4,Thứ 5,42,10,Tháng 10,202610,2026-10,4,Q4,2026,False,False
20261016,2026-10-16,16,5,Thứ 6,42,10,Tháng 10,202610,2026-10,4,Q4,2026,False,False
20261017,2026-10-17,17,6,Thứ 7,42,10,Tháng 10,202610,2026-10,4,Q4,2026,True,False
20261018,2026-10-18,18,7,Chủ nhật,42,10,Tháng 10,202610,2026-10,4,Q4,2026,True,False
20261019,2026-10-19,19,1,Thứ 2,43,10,Tháng 10,202610,2026-10,4,Q4,2026,False,False
20261020,2026-10-20,20,2,Thứ 3,43,10,Tháng 10,202610,2026-10,4,Q4,2026,False,False
20261021,2026-10-21,21,3,Thứ 4,43,10,Tháng 10,202610,2026-10,4,Q4,2026,False,False
20261022,2026-10-22,22,4,Thứ 5,43,10,Tháng 10,202610,2026-10,4,Q4,2026,False,False
20261023,2026-10-23,23,5,Thứ 6,43,10,Tháng 10,202610,2026-10,4,Q4,2026,False,False
20261024,2026-10-24,24,6,Thứ 7,43,10,Tháng 10,202610,2026-10,4,Q4,2026,True,False
20261025,2026-10-25,25,7,Chủ nhật,43,10,Tháng 10,202610,2026-10,4,Q4,2026,True,False
20261026,2026-10-26,26,1,Thứ 2,44,10,Tháng 10,202610,2026-10,4,Q4,2026,False,False
20261027,2026-10-27,27,2,Thứ 3,44,10,Tháng 10,202610,2026-10,4,Q4,2026,False,False
20261028,2026-10-28,28,3,Thứ 4,44,10,Tháng 10,202610,2026-10,4,Q4,2026,False,False
20261029,2026-10-29,29,4,Thứ 5,44,10,Tháng 10,202610,2026-10,4,Q4,2026,False,False
20261030,2026-10-30,30,5,Thứ 6,44,10,Tháng 10,202610,2026-10,4,Q4,2026,False,False
20261031,2026-10-31,31,6,Thứ 7,44,10,Tháng 10,202610,2026-10,4,Q4,2026,True,False
20261101,2026-11-01,1,7,Chủ nhật,44,11,Tháng 11,202611,2026-11,4,Q4,2026,True,False
20261102,2026-11-02,2,1,Thứ 2,45,11,Tháng 11,202611,2026-11,4,Q4,2026,False,False
20261103,2026-11-03,3,2,Thứ 3,45,11,Tháng 11,202611,2026-11,4,Q4,2026,False,False
20261104,2026-11-04,4,3,Thứ 4,45,11,Tháng 11,202611,2026-11,4,Q4,2026,False,False
20261105,2026-11-05,5,4,Thứ 5,45,11,Tháng 11,202611,2026-11,4,Q4,2026,False,False
20261106,2026-11-06,6,5,Thứ 6,45,11,Tháng 11,202611,2026-11,4,Q4,2026,False,False
20261107,2026-11-07,7,6,Thứ 7,45,11,Tháng 11,202611,2026-11,4,Q4,2026,True,False
20261108,2026-11-08,8,7,Chủ nhật,45,11,Tháng 11,202611,2026-11,4,Q4,2026,True,False
20261109,2026-11-09,9,1,Thứ 2,46,11,Tháng 11,202611,2026-11,4,Q4,2026,False,False
20261110,2026-11-10,10,2,Thứ 3,46,11,Tháng 11,202611,2026-11,4,Q4,2026,False,False
20261111,2026-11-11,11,3,Thứ 4,46,11,Tháng 11,202611,2026-11,4,Q4,2026,False,False
20261112,2026-11-12,12,4,Thứ 5,46,11,Tháng 11,202611,2026-11,4,Q4,2026,False,False
20261113,2026-11-13,13,5,Thứ 6,46,11,Tháng 11,202611,2026-11,4,Q4,2026,False,False
20261114,2026-11-14,14,6,Thứ 7,46,11,Tháng 11,202611,2026-11,4,Q4,2026,True,False
20261115,2026-11-15,15,7,Chủ nhật,46,11,Tháng 11,202611,2026-11,4,Q4,2026,True,False
20261116,2026-11-16,16,1,Thứ 2,47,11,Tháng 11,202611,2026-11,4,Q4,2026,False,False
20261117,2026-11-17,17,2,Thứ 3,47,11,Tháng 11,202611,2026-11,4,Q4,2026,False,False
20261118,2026-11-18,18,3,Thứ 4,47,11,Tháng 11,202611,2026-11,4,Q4,2026,False,False
20261119,2026-11-19,19,4,Thứ 5,47,11,Tháng 11,202611,2026-11,4,Q4,2026,False,False
20261120,2026-11-20,20,5,Thứ 6,47,11,Tháng 11,202611,2026-11,4,Q4,2026,False,False
20261121,2026-11-21,21,6,Thứ 7,47,11,Tháng 11,202611,2026-11,4,Q4,2026,True,False
20261122,2026-11-22,22,7,Chủ nhật,47,11,Tháng 11,202611,2026-11,4,Q4,2026,True,False
20261123,2026-11-23,23,1,Thứ 2,48,11,Tháng 11,202611,2026-11,4,Q4,2026,False,False
20261124,2026-11-24,24,2,Thứ 3,48,11,Tháng 11,202611,2026-11,4,Q4,2026,False,False
20261125,2026-11-25,25,3,Thứ 4,48,11,Tháng 11,202611,2026-11,4,Q4,2026,False,False
20261126,2026-11-26,26,4,Thứ 5,48,11,Tháng 11,202611,2026-11,4,Q4,2026,False,False
20261127,2026-11-27,27,5,Thứ 6,48,11,Tháng 11,202611,2026-11,4,Q4,2026,False,False
20261128,2026-11-28,28,6,Thứ 7,48,11,Tháng 11,202611,2026-11,4,Q4,2026,True,False
20261129,2026-11-29,29,7,Chủ nhật,48,11,Tháng 11,202611,2026-11,4,Q4,2026,True,False
20261130,2026-11-30,30,1,Thứ 2,49,11,Tháng 11,202611,2026-11,4,Q4,2026,False,False
20261201,2026-12-01,1,2,Thứ 3,49,12,Tháng 12,202612,2026-12,4,Q4,2026,False,False
20261202,2026-12-02,2,3,Thứ 4,49,12,Tháng 12,202612,2026-12,4,Q4,2026,False,False
20261203,2026-12-03,3,4,Thứ 5,49,12,Tháng 12,202612,2026-12,4,Q4,2026,False,False
20261204,2026-12-04,4,5,Thứ 6,49,12,Tháng 12,202612,2026-12,4,Q4,2026,False,False
20261205,2026-12-05,5,6,Thứ 7,49,12,Tháng 12,202612,2026-12,4,Q4,2026,True,False
20261206,2026-12-06,6,7,Chủ nhật,49,12,Tháng 12,202612,2026-12,4,Q4,2026,True,False
20261207,2026-12-07,7,1,Thứ 2,50,12,Tháng 12,202612,2026-12,4,Q4,2026,False,False
20261208,2026-12-08,8,2,Thứ 3,50,12,Tháng 12,202612,2026-12,4,Q4,2026,False,False
20261209,2026-12-09,9,3,Thứ 4,50,12,Tháng 12,202612,2026-12,4,Q4,2026,False,False
20261210,2026-12-10,10,4,Thứ 5,50,12,Tháng 12,202612,2026-12,4,Q4,2026,False,False
20261211,2026-12-11,11,5,Thứ 6,50,12,Tháng 12,202612,2026-12,4,Q4,2026,False,False
20261212,2026-12-12,12,6,Thứ 7,50,12,Tháng 12,202612,2026-12,4,Q4,2026,True,False
20261213,2026-12-13,13,7,Chủ nhật,50,12,Tháng 12,202612,2026-12,4,Q4,2026,True,False
20261214,2026-12-14,14,1,Thứ 2,51,12,Tháng 12,202612,2026-12,4,Q4,2026,False,False
20261215,2026-12-15,15,2,Thứ 3,51,12,Tháng 12,202612,2026-12,4,Q4,2026,False,False
20261216,2026-12-16,16,3,Thứ 4,51,12,Tháng 12,202612,2026-12,4,Q4,2026,False,False
20261217,2026-12-17,17,4,Thứ 5,51,12,Tháng 12,202612,2026-12,4,Q4,2026,False,False
20261218,2026-12-18,18,5,Thứ 6,51,12,Tháng 12,202612,2026-12,4,Q4,2026,False,False
20261219,2026-12-19,19,6,Thứ 7,51,12,Tháng 12,202612,2026-12,4,Q4,2026,True,False
20261220,2026-12-20,20,7,Chủ nhật,51,12,Tháng 12,202612,2026-12,4,Q4,2026,True,False
20261221,2026-12-21,21,1,Thứ 2,52,12,Tháng 12,202612,2026-12,4,Q4,2026,False,False
20261222,2026-12-22,22,2,Thứ 3,52,12,Tháng 12,202612,2026-12,4,Q4,2026,False,False
20261223,2026-12-23,23,3,Thứ 4,52,12,Tháng 12,202612,2026-12,4,Q4,2026,False,False
20261224,2026-12-24,24,4,Thứ 5,52,12,Tháng 12,202612,2026-12,4,Q4,2026,False,False
20261225,2026-12-25,25,5,Thứ 6,52,12,Tháng 12,202612,2026-12,4,Q4,2026,False,False
20261226,2026-12-26,26,6,Thứ 7,52,12,Tháng 12,202612,2026-12,4,Q4,2026,True,False
20261227,2026-12-27,27,7,Chủ nhật,52,12,Tháng 12,202612,2026-12,4,Q4,2026,True,False
20261228,2026-12-28,28,1,Thứ 2,53,12,Tháng 12,202612,2026-12,4,Q4,2026,False,False
20261229,2026-12-29,29,2,Thứ 3,53,12,Tháng 12,202612,2026-12,4,Q4,2026,False,False
20261230,2026-12-30,30,3,Thứ 4,53,12,Tháng 12,202612,2026-12,4,Q4,2026,False,False
20261231,2026-12-31,31,4,Thứ 5,53,12,Tháng 12,202612,2026-12,4,Q4,2026,False,False
